{"cameraMode":{"drawMode":0,"name":"Shaded","section":"Shading Mode"},"sceneLighting":false,"audioPlay":false,"sceneViewState":{"m_AlwaysRefresh":false,"showFog":true,"showSkybox":false,"showFlares":true,"showImageEffects":true,"showParticleSystems":true,"showVisualEffectGraphs":true,"m_FxEnabled":true},"in2DMode":false,"pivot":{"x":0.1380000114440918,"y":26.841001510620118,"z":0.4339999854564667},"rotation":{"x":-0.01732216216623783,"y":0.6825422644615173,"z":-0.01618572324514389,"w":-0.7304632067680359},"size":0.8634063601493836,"orthographic":false}