{"cameraMode":{"drawMode":0,"name":"Shaded","section":"Shading Mode"},"sceneLighting":true,"audioPlay":false,"sceneViewState":{"m_AlwaysRefresh":false,"showFog":true,"showSkybox":true,"showFlares":true,"showImageEffects":true,"showParticleSystems":true,"showVisualEffectGraphs":true,"m_FxEnabled":false},"in2DMode":false,"pivot":{"x":0.0003027915954589844,"y":1.1485425233840943,"z":-3.2257466316223146},"rotation":{"x":0.0416969433426857,"y":-0.9010280966758728,"z":0.08895828574895859,"w":0.4225955903530121},"size":2.0861055850982668,"orthographic":false}