{"cameraMode":{"drawMode":0,"name":"Shaded","section":"Shading Mode"},"sceneLighting":true,"audioPlay":false,"sceneViewState":{"m_AlwaysRefresh":false,"showFog":true,"showSkybox":true,"showFlares":true,"showImageEffects":true,"showParticleSystems":true,"showVisualEffectGraphs":true,"m_FxEnabled":true},"in2DMode":false,"pivot":{"x":3.1155757904052736,"y":-0.40001070499420168,"z":0.03280210494995117},"rotation":{"x":0.13876421749591828,"y":-0.09107723087072373,"z":0.012816288508474827,"w":0.9860480427742004},"size":14.065401077270508,"orthographic":false}