{"cameraMode":{"drawMode":0,"name":"Shaded","section":"Shading Mode"},"sceneLighting":true,"audioPlay":false,"sceneViewState":{"m_AlwaysRefresh":false,"showFog":true,"showSkybox":true,"showFlares":true,"showImageEffects":true,"showParticleSystems":true,"showVisualEffectGraphs":true,"m_FxEnabled":true},"in2DMode":false,"pivot":{"x":4.3600006103515629,"y":9.200000762939454,"z":-15.100000381469727},"rotation":{"x":0.0070199607871472839,"y":-0.8421607613563538,"z":-0.010821853764355183,"w":-0.5391444563865662},"size":21.486736297607423,"orthographic":false}