{"cameraMode":{"drawMode":0,"name":"Shaded","section":"Shading Mode"},"sceneLighting":true,"audioPlay":false,"sceneViewState":{"m_AlwaysRefresh":false,"showFog":true,"showSkybox":true,"showFlares":true,"showImageEffects":true,"showParticleSystems":true,"showVisualEffectGraphs":true,"m_FxEnabled":true},"in2DMode":false,"pivot":{"x":12.205028533935547,"y":5.256564140319824,"z":1.6360969543457032},"rotation":{"x":0.39873504638671877,"y":-0.057714998722076419,"z":0.02515394240617752,"w":0.9149064421653748},"size":6.0073957443237309,"orthographic":false}