{"cameraMode":{"drawMode":0,"name":"Shaded","section":"Shading Mode"},"sceneLighting":true,"audioPlay":false,"sceneViewState":{"m_AlwaysRefresh":false,"showFog":true,"showSkybox":true,"showFlares":true,"showImageEffects":true,"showParticleSystems":true,"showVisualEffectGraphs":true,"m_FxEnabled":true},"in2DMode":false,"pivot":{"x":24.586759567260743,"y":379.2395935058594,"z":368.82427978515627},"rotation":{"x":-0.17553076148033143,"y":-0.042842816561460498,"z":0.00817417073994875,"w":-0.9835439324378967},"size":9.522602081298829,"orthographic":false}