{"cameraMode":{"drawMode":0,"name":"Shaded","section":"Shading Mode"},"sceneLighting":true,"audioPlay":false,"sceneViewState":{"m_AlwaysRefresh":false,"showFog":true,"showSkybox":true,"showFlares":true,"showImageEffects":true,"showParticleSystems":true,"showVisualEffectGraphs":true,"m_FxEnabled":true},"in2DMode":false,"pivot":{"x":3.14882755279541,"y":10.207508087158204,"z":-47.945716857910159},"rotation":{"x":0.2794301211833954,"y":-0.18772916495800019,"z":0.05548622086644173,"w":0.9401476383209229},"size":2.5631051063537599,"orthographic":false}