{"cameraMode":{"drawMode":0,"name":"Shaded","section":"Shading Mode"},"sceneLighting":true,"audioPlay":false,"sceneViewState":{"m_AlwaysRefresh":false,"showFog":true,"showSkybox":true,"showFlares":true,"showImageEffects":true,"showParticleSystems":true,"showVisualEffectGraphs":true,"m_FxEnabled":true},"in2DMode":false,"pivot":{"x":962.7183837890625,"y":428.16058349609377,"z":-303.05023193359377},"rotation":{"x":-0.24084392189979554,"y":0.14377297461032868,"z":-0.036097753793001178,"w":-0.9592117667198181},"size":38.46851348876953,"orthographic":false}