{"cameraMode":{"drawMode":0,"name":"Shaded","section":"Shading Mode"},"sceneLighting":true,"audioPlay":false,"sceneViewState":{"m_AlwaysRefresh":false,"showFog":true,"showSkybox":true,"showFlares":true,"showImageEffects":true,"showParticleSystems":true,"showVisualEffectGraphs":true,"m_FxEnabled":true},"in2DMode":false,"pivot":{"x":-0.6533094644546509,"y":0.7595858573913574,"z":-0.05455821752548218},"rotation":{"x":-0.009279428981244564,"y":-0.045894019305706027,"z":-0.000487236917251721,"w":0.9989590644836426},"size":0.8064433932304382,"orthographic":false}