{"cameraMode":{"drawMode":0,"name":"Shaded","section":"Shading Mode"},"sceneLighting":true,"audioPlay":false,"sceneViewState":{"m_AlwaysRefresh":false,"showFog":true,"showSkybox":true,"showFlares":true,"showImageEffects":true,"showParticleSystems":true,"showVisualEffectGraphs":true,"m_FxEnabled":true},"in2DMode":false,"pivot":{"x":256.82049560546877,"y":37.8266487121582,"z":197.68206787109376},"rotation":{"x":0.2644795775413513,"y":-0.07512732595205307,"z":0.020676879212260248,"w":0.9612433314323425},"size":225.9269561767578,"orthographic":true}